Index,lower-whisker,lower-quartile,median,upper-quartile,upper-whisker,Protocol,Size,Type,name
0,83.81783555372809,86.34073983711758,87.56515542785348,89.57725765846652,94.08726679365665,paxos,3,paxos,paxos 3x1
1,75.78888750890371,75.78888750890371,76.63196987795862,80.48251244319898,83.66943360842531,paxos,4,paxos,paxos 4x1
2,64.52854979601007,67.93390916732496,75.08932161635535,79.26213488025697,83.10019272509227,paxos,5,paxos,paxos 5x1
3,58.24149628001817,59.56214356806536,71.51423413149608,74.56074750343144,75.22811002203068,paxos,6,paxos,paxos 6x1
4,42.07128114652577,42.32974480466733,42.64602983073787,43.1904089402948,43.916553378391434,paxos,10,paxos,paxos 10x1
5,22.596087322452536,23.066105376433484,23.066577676796246,24.064581832752577,25.08647951948994,paxos,15,paxos,paxos 15x1
