Index,lower-whisker,lower-quartile,median,upper-quartile,upper-whisker,Protocol,Size,Type,name
0,76.428461512858,76.428461512858,77.51215670243816,77.9088804496859,78.98035734435307,raft,3,raft,raft 3x1
1,52.35078719586393,52.98025019189242,54.443057939002756,55.93336695924155,56.86520815713054,raft,4,raft,raft 4x1
2,37.90820589253716,38.41634726556722,38.602984696876085,38.91157494651344,39.63347916856356,raft,5,raft,raft 5x1
3,33.36231646772759,33.6021144935051,33.90203876675333,34.58606423267283,34.66767732541672,raft,6,raft,raft 6x1
4,11.874361881005386,11.874361881005386,11.89645686814825,11.900776446802599,11.92118643772407,raft,10,raft,raft 10x1
5,9.669361643878931,9.813408063526122,9.832889634346538,10.072244649535163,10.232883792627893,raft,15,raft,raft 15x1
