Index,lower-whisker,lower-quartile,median,upper-quartile,upper-whisker,Protocol,Size,Type,name
0,43.18364964693453,43.279227144525954,43.81292735023058,44.43877042038254,44.57260337624598,alvin,3,alvin,alvin 3x1
1,34.588521934679534,34.65804651616291,34.85480052630757,35.11637072396581,35.11637072396581,alvin,4,alvin,alvin 4x1
2,25.665052126010426,26.15602476593354,28.4227193194076,29.648702326843793,29.697741070517413,alvin,5,alvin,alvin 5x1
3,17.436033290511148,18.015018030530396,18.428491618891073,19.807294890755372,20.529327168235643,alvin,6,alvin,alvin 6x1
4,10.182586580643214,11.140122986957776,12.100364926332196,12.219584914049603,13.767420304446338,alvin,10,alvin,alvin 10x1
5,7.20264824226706,8.33198017917029,8.881302249408034,9.459573595241267,9.69693797795888,alvin,15,alvin,alvin 15x1
