Index,Time,rps
0,0.0,5.0
1,15.0,5.0
2,30.0,5.0
3,45.0,5.0
4,60.0,5.0
5,75.0,5.0
6,90.0,5.0
7,105.0,5.0
8,120.0,5.0
9,255.0,2.3
10,270.0,7.0
11,285.0,15.133333333333333
12,300.0,20.0
13,315.0,13.666666666666666
14,330.0,5.0
15,345.0,5.0
16,360.0,5.0
