Index,Time,rps
0,0.0,5.0
1,15.0,5.0
2,30.0,5.0
3,45.0,5.0
4,60.0,5.0
5,75.0,5.0
6,90.0,5.0
7,105.0,5.0
8,120.0,5.0
9,135.0,5.0
10,150.0,5.0
11,165.0,5.0
12,180.0,5.0
13,195.0,5.0
14,210.0,5.0
15,225.0,5.0
16,240.0,5.0
17,330.0,8.266666666666667
18,345.0,9.033333333333331
19,360.0,9.511111111111113
20,375.0,10.016666666666667
21,390.0,9.2
22,405.0,8.0
23,420.0,6.633333333333334
24,435.0,5.0
25,450.0,5.0
26,465.0,5.0
27,480.0,5.0
28,495.0,5.0
29,510.0,5.0
30,525.0,5.0
31,540.0,5.0
