Index,lower-whisker,lower-quartile,median,upper-quartile,upper-whisker,Protocol,Size,Type,name
0,48.585254872394046,60.8745947010198,67.09182337438968,73.81990732793936,84.30990779177867,raft,3,raft,raft 3x1
1,39.90368997773165,49.648078584058034,54.74768570358996,56.50297789869347,65.87417484604359,raft,4,raft,raft 4x1
2,29.390671373629345,32.944630196403,37.04947880610565,38.48669651800373,46.379881312194335,raft,5,raft,raft 5x1
3,25.971525666399277,29.938568308850474,31.34830814922496,32.983205355015315,34.172951101475284,raft,6,raft,raft 6x1
4,13.459556880751173,15.203503741347024,16.118557170410547,16.54708875525426,17.257870473557034,raft,10,raft,raft 10x1
5,7.8339942230980215,9.179544605631161,9.71425508996549,10.0789033330095,10.557682402400628,raft,15,raft,raft 15x1
