Index,lower-whisker,lower-quartile,median,upper-quartile,upper-whisker,Protocol,Size,Type,name
0,53.01764506062335,64.74612899324845,69.02347725411406,72.95275282019568,78.53579181053888,oldRaft,3,oldRaft,oldRaft 3x1
1,53.516219478862816,54.0396576815782,55.705383877039324,58.38752360740849,64.86341159047075,oldRaft,4,oldRaft,oldRaft 4x1
2,28.515773123174906,31.18612698078837,37.40982319224929,38.181109865413156,39.12264516688119,oldRaft,5,oldRaft,oldRaft 5x1
3,28.003361715697338,31.872294619278325,32.58488127661961,36.235794345508026,37.67520491449584,oldRaft,6,oldRaft,oldRaft 6x1
4,14.804487912861141,15.19978592792547,15.883263387441808,16.247948818903353,16.983823812944127,oldRaft,10,oldRaft,oldRaft 10x1
5,7.309897637382378,8.229928042518207,9.214775777382764,9.629868867397507,10.165864551715021,oldRaft,15,oldRaft,oldRaft 15x1
