Index,lower-whisker,lower-quartile,median,upper-quartile,upper-whisker,Protocol,Size,Type,name
0,55.49191411970533,66.27145854960754,75.11053713035517,81.74072452684297,94.8661592009123,paxos,3,paxos,paxos 3x1
1,36.815613392926664,61.01204054261827,74.14580210101471,79.51991857532957,89.26182621329139,paxos,4,paxos,paxos 4x1
2,55.54255281920214,65.8358818757104,72.31667298007392,78.31756278291596,90.19378383458123,paxos,5,paxos,paxos 5x1
3,39.91310347186993,56.506684655800505,64.36765288073687,70.70922826703787,80.922506960027,paxos,6,paxos,paxos 6x1
4,27.928645330493637,32.398235857046274,34.35829568585176,37.74801907260881,45.683064475608305,paxos,10,paxos,paxos 10x1
5,14.793014381089826,19.376226379523224,22.207522915338465,24.450110634715426,29.153073968417687,paxos,15,paxos,paxos 15x1
