Index,lower-whisker,lower-quartile,median,upper-quartile,upper-whisker,Protocol,Size,Type,name
0,38.19891297177372,39.50781290048712,41.21821219453348,45.119605846678276,45.80486972971127,alvin,3,alvin,alvin 3x1
1,29.49020957236755,34.31776100712511,36.033466098208386,37.839975076364034,39.73119050077861,alvin,4,alvin,alvin 4x1
2,23.57613145986255,26.56776092605522,27.626825953338813,28.586352714454552,31.60380790394343,alvin,5,alvin,alvin 5x1
3,17.273553866777107,21.009777791016035,22.81508344778809,26.012422328274173,28.483197320611602,alvin,6,alvin,alvin 6x1
4,12.316605169869922,13.4253764353439,13.657780918069037,14.70932582582369,16.608231182754604,alvin,10,alvin,alvin 10x1
5,7.023963158586621,8.710716717365798,9.510397921842186,10.057537144916193,10.984034813085794,alvin,15,alvin,alvin 15x1
