lower-whisker,lower-quartile,median,upper-quartile,upper-whisker,Protocol,Size,Type,Name,name
10.558685384540986,15.891155862083545,20.843868378359794,24.41804190047624,26.28489933701312,alvin,5x1,alvin,alvin - 5x1,alvin - 5x1
9.692009325991092,9.924491163067664,10.10655532266711,10.165511134161736,10.214332668136509,alvin,15x1,alvin,alvin - 15x1,alvin - 15x1
25.31927607125857,27.07658208545835,27.31873014477724,29.221994670119432,32.272453705113854,paxos,5x1,paxos,paxos - 5x1,paxos - 5x1
10.203900139221231,10.887090195240843,11.251457033521088,11.706680947798574,12.257655800482953,paxos,15x1,paxos,paxos - 15x1,paxos - 15x1
32.08125794957578,32.3238176399598,32.620011210250276,32.63839752011075,32.997015354276286,raft,5x1,raft,raft - 5x1,raft - 5x1
9.113930353567158,9.330451439685632,9.358620979063016,9.486953398979438,9.586701425481444,raft,15x1,raft,raft - 15x1,raft - 15x1
