Index,Time,rps
0,0.0,5.0
1,15.0,5.0
2,30.0,5.0
3,45.0,5.0
4,60.0,5.0
5,75.0,5.0
6,90.0,5.0
7,105.0,5.0
8,120.0,5.0
9,135.0,5.0
10,165.0,5.0
11,180.0,5.0
12,195.0,5.0
13,210.0,4.466666666666667
14,225.0,5.533333333333333
15,240.0,5.0
16,255.0,5.0
17,270.0,5.0
18,285.0,5.0
19,300.0,5.0
20,315.0,5.0
21,330.0,5.0
22,345.0,5.0
23,360.0,5.0
