Index,lower-whisker,lower-quartile,median,upper-quartile,upper-whisker,Protocol,Size,Type,name
0,76.44291739807714,80.11626472336656,82.62095708116728,87.94979356717646,90.76126006882784,paxos,3,paxos,paxos 3x1
1,68.35181224577398,72.30513344755973,74.53443925878022,80.45449279342334,82.97809488932404,paxos,4,paxos,paxos 4x1
2,67.39366459116644,69.72434248782977,75.376676094614,80.10481982690439,83.48527653663,paxos,5,paxos,paxos 5x1
3,72.01485810552451,73.6978148843548,74.7002093846871,75.50435018313637,76.15106136810986,paxos,6,paxos,paxos 6x1
4,54.528659718261316,56.57117577908902,61.965291174903484,62.904805528745555,65.41397451820441,paxos,10,paxos,paxos 10x1
5,48.637264899620945,49.663414485560025,50.530851864260235,51.73595766718258,52.62252233431404,paxos,15,paxos,paxos 15x1
