Index,lower-whisker,lower-quartile,median,upper-quartile,upper-whisker,Protocol,Size,Type,name
0,86.80241600057919,88.63037705725904,89.36092639876684,90.78935900291549,91.10219996629247,paxos,3,paxos,paxos 3x1
1,87.72152975821315,87.92267728069227,88.95997779559033,89.11705495462658,89.18821776076356,paxos,4,paxos,paxos 4x1
2,81.7101164750478,81.88235525314907,81.90386070228237,82.30906560279524,82.91255213126783,paxos,5,paxos,paxos 5x1
3,75.49762371229365,76.26365055791983,77.84298136542837,77.85938594897655,78.19030111866864,paxos,6,paxos,paxos 6x1
4,63.02419057506856,63.71745471706716,64.18372634455292,64.45164966145724,64.51891791451672,paxos,10,paxos,paxos 10x1
5,30.97287024349641,32.093690391202806,34.26249801705793,34.57978472700816,36.9846512464506,paxos,15,paxos,paxos 15x1
