Index,lower-whisker,lower-quartile,median,upper-quartile,upper-whisker,Protocol,Size,Type,name
0,81.5429668919248,82.48893148298663,83.47311215689331,84.55458889701215,85.22419787695208,raft,3,raft,raft 3x1
1,71.86012570252272,72.1283538482402,72.51670180503775,73.00637832391975,73.10848250916128,raft,4,raft,raft 4x1
2,70.10336741525379,70.32507060637089,70.70490670841134,70.97324426979803,71.40448091679562,raft,5,raft,raft 5x1
3,60.54882667474547,60.76287793244205,62.78161478080152,63.09104479401089,63.129134432229456,raft,6,raft,raft 6x1
4,46.87226822561762,47.31660439012941,47.87892377755148,48.75424771383215,49.41309595282038,raft,10,raft,raft 10x1
5,36.20918771929189,36.22906186655763,36.3897840775772,36.46285067538928,36.684503487473556,raft,15,raft,raft 15x1
