Index,lower-whisker,lower-quartile,median,upper-quartile,upper-whisker,Protocol,Size,Type,name
0,33.48950606327507,34.48659971438198,38.70266100145726,39.54160211500137,39.83145981636375,alvin,3,alvin,alvin 3x1
1,29.92072503900915,31.616504447651764,32.72856401788943,33.66085721412206,34.51006123580307,alvin,4,alvin,alvin 4x1
2,30.11005828504352,30.727776914655884,31.174107285274598,31.68359684137952,32.640090452218764,alvin,5,alvin,alvin 5x1
3,23.947612203543567,25.3052594860094,26.069202261555432,27.383679818361124,30.461519434804813,alvin,6,alvin,alvin 6x1
4,15.078022238777555,19.63687876524881,21.603502705514707,22.90127557814843,23.48462704142081,alvin,10,alvin,alvin 10x1
5,6.47966253917496,7.473899051819316,8.076442632130627,9.122766466553367,10.315487139424302,alvin,15,alvin,alvin 15x1
