Index,lower-whisker,lower-quartile,median,upper-quartile,upper-whisker,Protocol,Size,Type,name
0,34.8325090413583,34.956813187760815,35.15873583249444,36.55023750953509,36.88704338912266,alvin,3,alvin,alvin 3x1
1,34.39110040860078,34.47311407360289,34.858375648496626,35.2458929723214,35.325507477409126,alvin,4,alvin,alvin 4x1
2,34.43833712422904,34.55901885563116,34.99798119978454,35.1746974800144,35.4232918062148,alvin,5,alvin,alvin 5x1
3,30.55825967859032,30.808662697620914,31.09796335291613,31.288778529890486,31.461942061784995,alvin,6,alvin,alvin 6x1
4,19.086717127281133,19.54481303138686,19.82330955571405,20.04350509592756,20.078809326606972,alvin,10,alvin,alvin 10x1
5,7.5557747648124085,7.969285767390266,8.213116270376112,8.426009381627438,8.426009381627438,alvin,15,alvin,alvin 15x1
