Index,lower-whisker,lower-quartile,median,upper-quartile,upper-whisker,Protocol,Size,Type,name
0,71.36203482657615,73.2353574446918,75.20291626882273,81.3448582728541,82.73061780191941,raft,3,raft,raft 3x1
1,64.33954062859112,65.78387628421105,68.41831229812321,70.79823117699262,71.48099082184095,raft,4,raft,raft 4x1
2,59.24093662873047,61.663293341947146,65.6759234691599,66.72832363770836,72.79606280067843,raft,5,raft,raft 5x1
3,61.57357426388805,62.6652142262572,63.561570928463205,64.02453078555553,65.65005370174393,raft,6,raft,raft 6x1
4,43.742025282015774,46.01814925127719,51.560752573869976,53.02922369812391,53.93169227583122,raft,10,raft,raft 10x1
5,33.921417643886286,33.921417643886286,35.661311684856756,36.670889523322394,37.071325724979296,raft,15,raft,raft 15x1
