Index,lower-whisker,lower-quartile,median,upper-quartile,upper-whisker,Protocol,Size,Type,name
0,76.12897364694092,78.31928894439736,79.73972952283746,81.44365944822508,83.26350763068439,oldRaft,3,oldRaft,oldRaft 3x1
1,67.5710526511393,69.88613452102489,71.51657086624702,72.31201767884261,73.59274120450257,oldRaft,4,oldRaft,oldRaft 4x1
2,67.67722295990394,69.018939487185,70.06004846754153,70.37822666574706,70.37822666574706,oldRaft,5,oldRaft,oldRaft 5x1
3,61.07963134777704,62.108946545314446,63.42419624630251,63.872486670876704,65.02920244717923,oldRaft,6,oldRaft,oldRaft 6x1
4,51.4286096326817,52.35308807307653,52.89951965472846,53.13939044705589,54.000403923021636,oldRaft,10,oldRaft,oldRaft 10x1
5,27.68685210458843,33.19578475499084,36.1518740227697,37.28529727629665,37.780444237575665,oldRaft,15,oldRaft,oldRaft 15x1
