Index,lower-whisker,lower-quartile,median,upper-quartile,upper-whisker,Protocol,Size,Type,name
0,16.98013604573762,17.09592986451876,17.09592986451876,17.83439313617,17.87879319443974,two_pc,3,two_pc,two_pc 3x2
1,15.711236236776916,16.113912746246857,17.827035575460922,17.849674548611357,17.904709756350677,two_pc,4,two_pc,two_pc 4x2
2,14.882369916715762,15.007188095558632,15.202706112297466,15.355343109127338,15.39652825679282,two_pc,5,two_pc,two_pc 5x2
3,14.666079900923883,14.697636004919296,14.716888974654974,14.730753720497287,14.773616209011811,two_pc,6,two_pc,two_pc 6x2
4,7.79805385478244,8.253538452044063,8.98413603144003,9.369258246002158,9.88529430469753,two_pc,10,two_pc,two_pc 10x2
5,3.2498387318748208,3.2498387318748208,3.2543957821288774,3.258867750831335,3.258867750831335,two_pc,20,two_pc,two_pc 20x2
