Index,Time,rps
0,0.0,5.466666666666667
1,15.0,5.583333333333333
2,30.0,5.15
3,45.0,5.0
4,60.0,5.0
5,75.0,5.0
6,90.0,5.0
7,105.0,5.0
8,120.0,5.0
9,135.0,5.0
10,150.0,5.0
11,165.0,5.0
12,180.0,5.0
13,195.0,5.0
14,210.0,4.966666666666667
15,225.0,5.0
16,240.0,5.0
17,255.0,5.0
18,270.0,5.033333333333333
19,285.0,5.0
20,300.0,5.0
21,315.0,5.0
22,330.0,5.0
23,345.0,5.0
24,360.0,5.0
