Index,Time,rps
0,0.0,5.0
1,15.0,5.0
2,30.0,5.0
3,45.0,5.0
4,60.0,5.0
5,75.0,5.0
6,90.0,5.0
7,105.0,5.0
8,120.0,5.0
9,135.0,5.0
10,150.0,5.0
11,165.0,5.0
12,180.0,5.0
13,225.0,0.7
14,240.0,3.0
15,255.0,3.775
16,270.0,4.745454545454545
17,285.0,7.866666666666666
18,300.0,12.05
19,315.0,12.033333333333331
20,330.0,11.45
21,345.0,9.066666666666666
22,360.0,9.066666666666666
